itm_horse_meat|Horse Meat
itm_practice_sword|Practice Sword
itm_heavy_practice_sword|Heavy Practice Sword
itm_practice_axe|Practice Axe
itm_arena_axe|Axe
itm_arena_sword|Sword
itm_arena_sword_two_handed|Two Handed Sword
itm_practice_staff|Practice Staff
itm_practice_lance|Practice Lance
itm_practice_shield|Practice Shield
itm_practice_bow|Practice Bow
itm_practice_crossbow|Practice Crossbow
itm_practice_javelin|Practice Javelin
itm_practice_throwing_daggers|Throwing Daggers
itm_practice_throwing_daggers_100_amount|Throwing Daggers
itm_practice_horse|Practice Horse
itm_practice_arrows|Practice Arrows
itm_practice_bolts|Practice Bolts
itm_practice_arrows_10_amount|Practice Arrows
itm_practice_arrows_100_amount|Practice Arrows
itm_practice_bolts_9_amount|Practice Bolts
itm_practice_boots|Practice Boots
itm_red_tourney_armor|Red Tourney Armor
itm_blue_tourney_armor|Blue Tourney Armor
itm_green_tourney_armor|Green Tourney Armor
itm_gold_tourney_armor|Gold Tourney Armor
itm_red_tourney_helmet|Red Tourney Helmet
itm_blue_tourney_helmet|Blue Tourney Helmet
itm_green_tourney_helmet|Green Tourney Helmet
itm_gold_tourney_helmet|Gold Tourney Helmet
itm_arena_shield_red|Shield
itm_arena_shield_blue|Shield
itm_arena_shield_green|Shield
itm_arena_shield_yellow|Shield
itm_arena_armor_white|Arena Armor White
itm_arena_armor_red|Arena Armor Red
itm_arena_armor_blue|Arena Armor Blue
itm_arena_armor_green|Arena Armor Green
itm_arena_armor_yellow|Arena Armor Yellow
itm_arena_tunic_white|Arena Tunic White
itm_arena_tunic_red|Arena Tunic Red
itm_arena_tunic_blue|Arena Tunic Blue
itm_arena_tunic_green|Arena Tunic Green
itm_arena_tunic_yellow|Arena Tunic Yellow
itm_arena_helmet_red|Arena Helmet Red
itm_arena_helmet_blue|Arena Helmet Blue
itm_arena_helmet_green|Arena Helmet Green
itm_arena_helmet_yellow|Arena Helmet Yellow
itm_steppe_helmet_white|Steppe Helmet White
itm_steppe_helmet_red|Steppe Helmet Red
itm_steppe_helmet_blue|Steppe Helmet Blue
itm_steppe_helmet_green|Steppe Helmet Green
itm_steppe_helmet_yellow|Steppe Helmet Yellow
itm_tourney_helm_white|Tourney Helm White
itm_tourney_helm_red|Tourney Helm Red
itm_tourney_helm_blue|Tourney Helm Blue
itm_tourney_helm_green|Tourney Helm Green
itm_tourney_helm_yellow|Tourney Helm Yellow
itm_book_tactics|Tactics Holocron
itm_book_persuasion|Persuasion Holocron
itm_book_leadership|Leadership Holocron
itm_book_intelligence|Intelligence Holocron
itm_book_trade|Trade Holocron
itm_book_weapon_mastery|Weapon Mastery Holocron
itm_book_engineering|Engineering Holocron
itm_book_wound_treatment_reference|2-1B Medical Droid
itm_book_first_aid_reference|Medical Database
itm_book_tactics_reference|Dejarik Table
itm_book_trade_reference|Sabacc Cards
itm_book_ironflesh_reference|Personal Shield
itm_book_horse_archery_reference|Laser Scope
itm_book_training_reference|Training Remote
itm_book_surgery_reference|Bacta Tank
itm_smoked_fish|Smoked Fish
itm_dried_meat|Nerf Beef
itm_cattle_meat|Nerf Meat
itm_bantha_steak|Bantha Steak
itm_pork|Pork
itm_bread|Bread
itm_vagnerian_canape|Vagnerian Canape
itm_carbohydrate_pack|Carbohydrate Pack
itm_apples|Apples
itm_blue_milk|Blue Milk
itm_mujo_fruit|Mujo Fruit
itm_cheese|Christophsis cheese
itm_chicken|Chicken
itm_protein_pack|Protein Pack
itm_honey|Honey
itm_sausages|Nerf sausages
itm_cabbages|Cabbages
itm_bristle_melon|Bristle Melon
itm_butter|Bantha butter
itm_container_spice_1|Shipment of Ryll Spice
itm_container_spice_2|Shipment of Gree Spice
itm_container_spice_3|Shipment of Glitterstim Spice
itm_container_food_1|Shipment of Vegetables
itm_container_food_2|Shipment of Carbohydrates
itm_container_food_3|Shipment of Protein
itm_container_metal_1|Shipment of Beskar bars
itm_container_metal_2|Shipment of Durasteel bars
itm_container_metal_3|Shipment of Bronzium bars
itm_container_death_sticks|Carton of Death Sticks
itm_container_drink_1|Shipment of Water
itm_container_drink_2|Shipment of Black Ale
itm_container_drink_3|Shipment of Juri juice
itm_carbonite_tibanna|Carbonite Shipment of Tibanna Gas
itm_wine|Mandalorian wine
itm_ale|Corellian ale
itm_spice|Spice
itm_salt|Bassel sea salt
itm_grain|Wheat
itm_flour|Flour
itm_iron|Durasteel
itm_bacta_injector|Bacta Injector
itm_bacta_capsule|Bacta Capsule
itm_binocular|Macrobinoculars
itm_jetpack|Jetpack
itm_oil|Oil
itm_pottery|Geonosian pottery
itm_linen|Lashaa silk
itm_furs|Ewok Furs
itm_wookiee_fur|Wookiee Pelt
itm_trandoshan_skin|Trandoshan Skin
itm_droid_parts|Droid Parts
itm_wool|Nerf wool
itm_velvet|Naboo Velvet
itm_tools|Hydrospanners
itm_siege_supply|Supplies
itm_quest_wine|Wine
itm_quest_ale|Ale
itm_pilgrim_disguise|Pilgrim Disguise
itm_pilgrim_hood|Pilgrim Hood
itm_leather_gloves|Leather Gloves
itm_wrapping_boots|Wrapping Boots
itm_woolen_hose|Woolen Hose
itm_blue_hose|Blue Hose
itm_hide_boots|Hide Boots
itm_ankle_boots|Ankle Boots
itm_nomad_boots|Nomad Boots
itm_lady_dress_ruby|Lady Dress
itm_lady_dress_green|Lady Dress
itm_lady_dress_blue|Lady Dress
itm_dress|Dress
itm_blue_dress|Blue Dress
itm_peasant_dress|Peasant Dress
itm_woolen_dress|Woolen Dress
itm_courtly_outfit|Courtly Outfit
itm_nobleman_outfit|Nobleman Outfit
itm_nomad_armor|Nomad Armor
itm_rawhide_coat|Rawhide Coat
itm_leather_armor|Leather Armor
itm_shirt|Shirt
itm_linen_tunic|Linen Tunic
itm_short_tunic|Rich Tunic
itm_robe|Robe
itm_coarse_tunic|Coarse Tunic
itm_leather_apron|Leather Apron
itm_tabard|Tabard
itm_leather_vest|Leather Vest
itm_gambeson|Gambeson
itm_blue_gambeson|Blue Gambeson
itm_red_gambeson|Red Gambeson
itm_padded_cloth|Padded Cloth
itm_leather_jerkin|Leather Jerkin
itm_padded_leather|Padded Leather
itm_court_hat|Turret Hat
itm_straw_hat|Straw Hat
itm_common_hood|Hood
itm_headcloth|Headcloth
itm_woolen_hood|Woolen Hood
itm_fur_hat|Fur Hat
itm_padded_coif|Padded Coif
itm_woolen_cap|Woolen Cap
itm_felt_hat|Felt Hat
itm_leather_cap|Leather Cap
itm_arming_cap|Arming Cap
itm_female_hood|Lady's Hood
itm_black_helmet|Black Helmet
itm_wooden_stick|Wooden Stick
itm_club|Club
itm_sickle|Sickle
itm_cleaver|Cleaver
itm_knife|Knife
itm_butchering_knife|Butchering Knife
itm_dagger|Dagger
itm_hatchet|Hatchet
itm_pitch_fork|Pitch Fork
itm_quarter_staff|Quarter Staff
itm_stones|Stones
itm_throwing_axes|Gamorrean Throwing Axes
itm_torch|Torch
itm_rich_outfit|Rich Outfit
itm_black_hood|Black Hood
itm_light_leather|Light Leather
itm_light_leather_boots|Light Leather Boots
itm_black_gloves|Black Gloves
itm_black_gloves_long|Long Black Gloves
itm_right_hand_glove|Right Hand Glove
itm_grey_gloves|Grey Gloves
itm_darkgrey_gloves|Dark Grey Gloves
itm_lady_gloves|Lady Gloves
itm_mandalorian_crushgaunts|Mandalorian Crushgaunts
itm_imperial_royal_guard_gloves|Imperial Royal Guard Gloves
itm_imperial_stormtrooper_gloves|Imperial Stormtrooper Gloves
itm_shadow_stormtrooper_gloves|Shadow Stormtrooper Gloves
itm_clone_trooper_gloves_white|Clone Trooper Gloves
itm_clone_trooper_gloves_green|Clone Trooper Gloves
itm_clone_trooper_gloves_blue|Clone Trooper Gloves
itm_clone_trooper_gloves_red|Clone Trooper Gloves
itm_clone_trooper_gloves_yellow|Clone Trooper Gloves
itm_clone_trooper_gloves_orange|Clone Trooper Gloves
itm_grey_gloves_with_bottle|Grey Gloves with Bottle
itm_leather_boots|Leather Boots
itm_leather_boots_reinforced|Reinforced Leather Boots
itm_black_boots|Black Boots
itm_black_boots_reinforced|Reinforced Black Boots
itm_grey_boots|Grey Boots
itm_white_boots|White Boots
itm_white_boots_reinforced|Reinforced White Boots
itm_imperial_royal_guard_boots|Imperial Royal Guard Boots
itm_imperial_stormtrooper_boots|Imperial Stormtrooper Boots
itm_imperial_stormtrooper_boots_incinerator|Incinerator Trooper Boots
itm_imperial_scout_trooper_boots|Imperial Scout Trooper Boots
itm_shadow_scout_trooper_boots|Shadow Scout Trooper Boots
itm_shadow_stormtrooper_boots|Shadow Stormtrooper Boots
itm_clone_trooper_boots|Clone Trooper Boots
itm_lobot_headgear|Borg Construct Aj^6
itm_glasses_black|Shooting Glasses
itm_glasses_yellow|Shooting Glasses
itm_eyepiece_tactics|Tactics Eyepiece
itm_eyepiece_leadership|Leadership Eyepiece
itm_slave_neck_chain|Slave Neck Chain
itm_officer_hat_white|Officer Hat
itm_civilian_cloak_hood|Civilian Cloak and Hood
itm_imperial_hat_green|Imperial Hat
itm_imperial_hat_black|Imperial Hat
itm_imperial_hat_grey|Imperial Hat
itm_rebel_technician_helmet|Rebel Cadet Helmet
itm_rebel_trooper_helmet|Rebel Trooper Helmet
itm_rebel_heavy_trooper_helmet|Rebel Heavy Trooper Helmet
itm_rebel_honor_guard_helmet|Rebel Honor Guard Helmet
itm_transparent_helmet|Transparent Helmet
itm_imperial_trooper_helmet|Imperial Trooper Helmet
itm_imperial_gunner_helmet|Imperial Gunner Helmet
itm_imperial_navy_trooper_helmet|Imperial Navy Trooper Helmet
itm_mercenary_helmet|Mercenary Helmet
itm_trandoshan_mask|Trandoshan Mask
itm_trandoshan_helmet|Trandoshan Helmet
itm_cap_military|Cap
itm_cap_civilian_a|Cap
itm_ewok_hat|Ewok Hat
itm_rancor_keeper_hat|Rancor Keeper Hat
itm_rodian_ventilator|Rodian Ventilator
itm_rodian_ventilator_black|Rodian Ventilator
itm_rodian_ventilator_red|Rodian Ventilator
itm_gamorrean_helmet|Gamorrean Helmet
itm_fang_helmet|Fang Helmet
itm_beak_helmet|Beak Helmet
itm_gas_mask|Gas Mask
itm_mining_helmet|Mining Helmet
itm_pipe_helmet|Pipe Helmet
itm_skiff_guard_helmet|Skiff Guard Helmet
itm_imperial_stormtrooper_helmet|Imperial Stormtrooper Helmet
itm_imperial_stormtrooper_helmet_incinerator|Incinerator Trooper Helmet
itm_imperial_stormtrooper_helmet_novatrooper|NovaTrooper Helmet
itm_imperial_pilot_helmet|Imperial Pilot Helmet
itm_shadow_stormtrooper_helmet|Shadow Stormtrooper Helmet
itm_clone_trooper_head|Clone Trooper Head
itm_clone_trooper_head_scar|Clone Trooper Head
itm_clone_trooper_helmet_white|Clone Trooper Helmet
itm_clone_trooper_helmet_green|Clone Trooper Helmet
itm_clone_trooper_helmet_blue|Clone Trooper Helmet
itm_clone_trooper_helmet_red|Clone Trooper Helmet
itm_clone_trooper_helmet_yellow|Clone Trooper Helmet
itm_clone_trooper_helmet_orange|Clone Trooper Helmet
itm_clone_trooper_helmet_mand|Clone Trooper Helmet
itm_clone_trooper_helmet_lux|Clone Trooper Helmet
itm_imperial_scout_trooper_helmet|Imperial Scout Trooper Helmet
itm_shadow_scout_trooper_helmet|Shadow Scout Trooper Helmet
itm_republic_pilot_helmet|Rebel Pilot Helmet
itm_republic_commando_helmet|Rebel Commando Helmet
itm_republic_commando_desert_helmet|Rebel Desert Commando Helmet
itm_republic_commando_urban_helmet|Rebel Urban Commando Helmet
itm_rebel_sniper_helmet|Rebel Sniper Helmet
itm_jedi_knight_hood|Jedi Knight Hood
itm_jedi_knight_hood_unique|Jedi Knight Hood
itm_sith_hood|Sith Hood
itm_sith_hood_unique|Sith Hood
itm_jedi_master_hood|Jedi Master Hood
itm_jedi_master_hood_unique|Jedi Master Hood
itm_jedi_knight_cloak|Jedi Knight Cloak
itm_jedi_knight_cloak_hood|Jedi Knight Cloak with Hood
itm_jedi_master_cloak|Jedi Master Cloak
itm_jedi_master_cloak_hood|Jedi Master Cloak with Hood
itm_sith_cloak|Sith Cloak
itm_sith_cloak_hood|Sith Cloak with Hood
itm_sith_cloak_mask|Sith Cloak with Mask
itm_imperial_royal_guard_helmet|Imperial Royal Guard Helmet
itm_shadow_guard_helmet|Imperial Shadow Guard Helmet
itm_desert_hat1|Desert Hat
itm_desert_hat2|Desert Hat
itm_desert_hat3|Desert Hat
itm_urban_hat1|Urban Hat
itm_urban_hat2|Urban Hat
itm_urban_hat3|Urban Hat
itm_camouflage_hat1|Camouflage Hat
itm_camouflage_hat2|Camouflage Hat
itm_camouflage_hat3|Camouflage Hat
itm_dress_yellow|Lady Dress
itm_dress_red|Lady Dress
itm_dress_green|Lady Dress
itm_dress_blue|Lady Dress
itm_tunic_green|Tunic
itm_tunic_white|Tunic
itm_tunic_blue|Tunic
itm_tunic_red|Tunic
itm_tunic_yellow|Tunic
itm_padded_tunic_green|Padded Tunic
itm_padded_tunic_white|Padded Tunic
itm_padded_tunic_blue|Padded Tunic
itm_padded_tunic_red|Padded Tunic
itm_padded_tunic_yellow|Tunic
itm_officer_uniform_white|Officer Uniform
itm_female_outfit_femconblack|Female Outfit
itm_female_outfit_femconbrowngreen|Female Outfit
itm_female_outfit_femcongrey|Female Outfit
itm_female_outfit_femconorange|Female Outfit
itm_female_outfit_femconwhite|Female Outfit
itm_female_outfit_femconwhitebrown|Female Outfit
itm_outfit_tan|Jumpsuit
itm_outfit_grey|Jumpsuit
itm_outfit_black|Jumpsuit
itm_outfit_green|Jumpsuit
itm_vest_open_a|Open Vest
itm_vest_open_b|Open Vest
itm_vest_closed_a|Closed Vest
itm_vest_closed_b|Closed Vest
itm_vest_closed_c|Closed Vest
itm_shirt_blue|Shirt
itm_shirt_green|Shirt
itm_vest_closed_f|Snow Jacket
itm_jacket_open_a|Open Jacket
itm_jacket_open_b|Open Jacket
itm_jacket_open_c|Open Jacket
itm_female_jacket_a|Female Jacket
itm_female_jacket_b|Female Jacket
itm_female_jacket_c|Female Jacket
itm_female_dress_a|Female Dress
itm_female_dress_b|Female Dress
itm_female_dancer_outfit_a|Female Dancer Outfit
itm_female_dancer_outfit_a_cloak|Female Dancer Outfit
itm_female_dancer_boots|Female Dancer Boots
itm_female_leather_a|Female Leather Outfit
itm_female_leather_b|Female Leather Outfit
itm_female_leather_c|Female Leather Outfit
itm_female_leather_d|Female Leather Outfit
itm_jacket_closed_a|Closed Jacket
itm_jacket_closed_b|Closed Jacket
itm_jacket_closed_c|Closed Jacket
itm_klatooinian_armor|Klatooinian Armor
itm_scavenger_armor|Scavenger Armor
itm_mercenary_armor|Mercenary Armor
itm_crime_lord_armor|Crime Lord Armor
itm_trandoshan_flight_suit|Trandoshan Flight Suit
itm_civilian_cloak|Civilian Cloak
itm_white_cloak|White Cloak
itm_padded_armor_white|Padded Armor
itm_padded_armor_red|Padded Armor
itm_padded_armor_blue|Padded Armor
itm_armor_blue|Armor
itm_armor_brown|Armor
itm_armor_red|Armor
itm_armor_white|Armor
itm_pirate_armor|Armor
itm_imperial_uniform_black|Imperial Officer Uniform
itm_imperial_uniform_green|Imperial Officer Uniform
itm_rebel_uniform_tanblue|Rebel Commander Uniform
itm_rebel_uniform_green|Rebel Officer Uniform
itm_imperial_trooper_armor|Imperial Trooper Armor
itm_imperial_navy_trooper_armor|Imperial Navy Trooper Armor
itm_rebel_technician_armor|Rebel Cadet Armor
itm_republic_trooper_armor|Rebel Trooper Armor
itm_rebel_heavy_trooper_armor|Rebel Heavy Trooper Armor
itm_jedi_initiate_robe|Jedi Initiate Robe
itm_jedi_padawan_robe|Jedi Padawan Robe
itm_sith_acolyte_outfit|Sith Acolyte Outfit
itm_sith_apprentice_outfit|Sith Apprentice Outfit
itm_imperial_scout_trooper_armor|Imperial Scout Trooper Armor
itm_shadow_scout_trooper_armor|Shadow Scout Trooper Armor
itm_republic_pilot_armor|Rebel Pilot Armor
itm_republic_commando_armor|Rebel Commando Armor
itm_republic_commando_desert_armor|Rebel Desert Commando Armor
itm_republic_commando_urban_armor|Rebel Urban Commando Armor
itm_rebel_sniper_armor|Rebel Sniper Armor
itm_imperial_stormtrooper_armor|Imperial Stormtrooper Armor
itm_imperial_stormtrooper_armor_incinerator|Incinerator Trooper Armor
itm_imperial_stormtrooper_armor_novatrooper|Novatrooper Armor
itm_shadow_stormtrooper_armor|Shadow Stormtrooper Armor
itm_rebel_honor_guard_armor|Rebel Honor Guard Armor
itm_clone_trooper_armor_white|Clone Trooper Armor
itm_clone_trooper_armor_green|Clone Trooper Armor
itm_clone_trooper_armor_blue|Clone Trooper Armor
itm_clone_trooper_armor_red|Clone Trooper Armor
itm_clone_trooper_armor_yellow|Clone Trooper Armor
itm_clone_trooper_armor_orange|Clone Trooper Armor
itm_clone_trooper_armor_mand|Clone Trooper Armor
itm_clone_trooper_armor_lux|Clone Trooper Armor
itm_arc_trooper_armor_green|Arc Trooper Armor
itm_arc_trooper_armor_blue|Arc Trooper Armor
itm_arc_trooper_armor_red|Arc Trooper Armor
itm_arc_trooper_armor_yellow|Arc Trooper Armor
itm_arc_trooper_armor_orange|Arc Trooper Armor
itm_arc_trooper_armor_mand|Arc Trooper Armor
itm_arc_trooper_armor_lux|Arc Trooper Armor
itm_skiff_guard_armor_brown|Skiff Guard Armor
itm_skiff_guard_armor_grey|Skiff Guard Armor
itm_skiff_guard_armor_white|Skiff Guard Armor
itm_hutt_palace_guard_armor|Hutt Palace Guard Armor
itm_jedi_knight_robe|Jedi Knight Robe
itm_jedi_knight_robe_unique|Jedi Knight Robe
itm_jedi_guardian_robe_a|Jedi Guardian Robe
itm_jedi_guardian_robe_b|Jedi Guardian Robe
itm_jedi_guardian_robe_c|Jedi Guardian Robe
itm_jedi_guardian_robe_d|Jedi Guardian Robe
itm_sith_knight_robe|Sith Knight Robe
itm_sith_knight_robe_unique|Sith Knight Robe
itm_sith_knight_robe_a|Sith Kight Robe
itm_sith_knight_robe_b|Sith Kight Robe
itm_sith_knight_robe_c|Sith Kight Robe
itm_imperial_royal_guard_robe|Imperial Royal Guard Robe
itm_shadow_guard_robe|Imperial Shadow Guard Robe
itm_imperial_stormtrooper_armor_officer|Imperial Stormtrooper Officer Armor
itm_sw_desert_armor|Heavy Desert Armor
itm_sw_urban_armor|Heavy Urban Armor
itm_sw_sniper_armor|Sniper Armor
itm_jedi_robe_a|Jedi Robe
itm_jedi_robe_a_unique|Jedi Robe
itm_jedi_robe_b|Sith Robe
itm_jedi_robe_b_long|Long Sith Robe
itm_jedi_robe_c|Jedi Robe
itm_jedi_robe_c_long|Long Sith Robe
itm_jedi_robe_d|Jedi Robe
itm_jedi_robe_d_unique|Jedi Robe
itm_jedi_robe_e|Jedi Robe
itm_jedi_robe_e_unique|Jedi Robe
itm_jedi_robe_f|Jedi Robe
itm_jedi_robe_f_unique|Jedi Robe
itm_jedi_master_robe|Jedi Robe
itm_jedi_master_robe_unique|Jedi Robe
itm_sith_marauder_robe|Sith Marauder Robe
itm_sith_marauder_robe_unique|Sith Marauder Robe
itm_sith_marauder_robe_a|Sith Marauder Robe
itm_sith_marauder_robe_b|Sith Marauder Robe
itm_sith_marauder_robe_c|Sith Marauder Robe
itm_sith_marauder_robe_d|Sith Marauder Robe
itm_sith_master_robe|Sith Master Robe
itm_sith_master_robe_unique|Sith Master Robe
itm_guard_armor|Guard Armor
itm_guard_armor_red|Guardian Armor
itm_blast_armor_black|Blast Armor
itm_blast_armor_red|Blast Armor
itm_blast_armor_grey|Blast Armor
itm_blast_armor_bluegrey|Blast Armor
itm_ubese_armor|Ubese Armor
itm_wookiee_armor1|Wookiee Armor
itm_wookiee_armor1_merch|Wookiee Armor
itm_wookiee_armor2|Wookiee Armor
itm_wookiee_armor2_merch|Wookiee Armor
itm_wookiee_hunter_armor|Wookiee Hunter Armor
itm_wookiee_hunter_helmet|Wookiee Hunter Helmet
itm_wookiee_female_head|Wookiee Female Head
itm_wookiee_female_body|Wookiee Female Body
itm_wookiee_female_hands|Wookiee Female Hands
itm_wookiee_female_feet|Wookiee Female Feet
itm_kaminoan_female_head|Kaminoan Female Head
itm_kaminoan_female_body|Kaminoan Female Body
itm_droid_weapon_no_attack|Droid Melee Weapon (No Attack)
itm_r2series_blue|R2-Series Blue
itm_r2series_green|R2-Series Green
itm_r2series_orange|R2-Series Orange
itm_r2series_purple|R2-Series Purple
itm_mse6_armor|MSE-Series Droid Body
itm_lin_droid_armor|LIN Droid Body
itm_lin_droid_armor_w_arm|LIN Droid Body
itm_power_droid_grey|Power Droid
itm_power_droid_snow|Power Droid
itm_power_droid_tan|Power Droid
itm_fxseries_droid_armor|FX-Series Medical Droid Body
itm_c3po_blue_head|3PO-Series Head
itm_c3po_blue_hands|3PO-Series Hands
itm_c3po_blue_body|3PO-Series Body
itm_c3po_blue_feet|3PO-Series Feet
itm_c3po_gold_head|3PO-Series Head
itm_c3po_gold_hands|3PO-Series Hands
itm_c3po_gold_body|3PO-Series Body
itm_c3po_gold_feet|3PO-Series Feet
itm_c3po_grey_head|3PO-Series Head
itm_c3po_grey_hands|3PO-Series Hands
itm_c3po_grey_body|3PO-Series Body
itm_c3po_grey_feet|3PO-Series Feet
itm_c3po_red_head|3PO-Series Head
itm_c3po_red_hands|3PO-Series Hands
itm_c3po_red_body|3PO-Series Body
itm_c3po_red_feet|3PO-Series Feet
itm_3poseries_gold|3PO-Series Gold
itm_3poseries_blue|3PO-Series Blue
itm_3poseries_red|3PO-Series Red
itm_3poseries_grey|3PO-Series Grey
itm_3poseries_attack|3PO-Series Melee Attack
itm_b1series_body|B1-Series Battle Droid Body
itm_bxseries_body|BX-Series Commando Droid Body
itm_oomseries_body|OOM Security Droid Body
itm_oomseries_pilot_body|OOM Pilot Droid Body
itm_oomseries_marine_body|OOM Marine Droid Body
itm_oomseries_command_body|OOM Command Droid Body
itm_battle_droid_attack|Battle Droid Melee Attack
itm_b2series_body|B2-Series Battle Droid Body
itm_b2series_body_enhanced|C-B3 Battle Droid Body
itm_b2series_attack|B2-Series Battle Droid Attack
itm_b2series_blaster|B2-Series Battle Droid Blaster
itm_transparent_droid_head|Transparent Head (for Droids)
itm_transparent_droid_hands|Transparent Hands (for Droids)
itm_transparent_droid_feet|Transparent Feet (for Droids)
itm_ig88_head|IG-Series Head
itm_ig88_hands|IG-Series Hands
itm_ig88_body|IG-Series Body
itm_ig88_feet|IG-Series Feet
itm_ig88_e11_shield|IG-88's E-11 Shield
itm_ig88_dlt20a|IG-88's DLT-20A
itm_4lom_head|LOM-Series Head
itm_hk_head|HK-Series Head
itm_hk_hands|HK-Series Hands
itm_hk_body|HK-Series Body
itm_hk_feet|HK-Series Feet
itm_mandalorian_tunic|Mandalorian Tunic
itm_mandalorian_soldier_helmet|Mandalorian Soldier Helmet
itm_mandalorian_soldier_helmet2|Mandalorian Soldier Helmet
itm_mandalorian_soldier_helmet3|Mandalorian Soldier Helmet
itm_mandalorian_soldier_armor|Mandalorian Soldier Armor
itm_mandalorian_soldier_armor2|Mandalorian Soldier Armor
itm_mandalorian_soldier_boots|Mandalorian Soldier Boots
itm_mandalorian_commando_helmet|Mandalorian Commando Helmet
itm_mandalorian_commando_armor|Mandalorian Commando Armor
itm_mandalorian_commando_armor2|Mandalorian Commando Armor
itm_mandalorian_commando_boots|Mandalorian Commando Boots
itm_mandalorian_sniper_helmet|Mandalorian Sniper Helmet
itm_mandalorian_sniper_armor|Mandalorian Sniper Armor
itm_mandalorian_sniper_armor2|Mandalorian Sniper Armor
itm_mandalorian_sniper_armor3|Mandalorian Sniper Armor
itm_mandalorian_sniper_boots|Mandalorian Sniper Boots
itm_mandalorian_crusader_helmet|Mandalorian Crusader Helmet
itm_mandalorian_neocrusader_helmet|Mandalorian Neo-Crusader Helmet
itm_mandalorian_crusader_armor|Mandalorian Crusader Armor
itm_mandalorian_crusader_boots|Mandalorian Crusader Boots
itm_mandalorian_crusader_set_end|Mandalorian Crusader Boots
itm_mandalorian_deadeye_helmet|Mandalorian Deadeye Helmet
itm_mandalorian_deadeye_armor|Mandalorian Deadeye Armor
itm_mandalorian_deadeye_armor2|Mandalorian Deadeye Armor
itm_mandalorian_deadeye_armor3|Mandalorian Deadeye Armor
itm_mandalorian_deadeye_boots|Mandalorian Deadeye Boots
itm_mandalorian_deadeye_set_end|Mandalorian Deadeye Boots
itm_mandalorian_beskar_helmet|Mandalorian Beskar Helmet
itm_mandalorian_beskar_armor|Mandalorian Beskar Armor
itm_mandalorian_beskar_boots|Mandalorian Beskar Boots
itm_defiler_helmet|Defiler Helmet
itm_defiler_armor|Defiler Armor
itm_defiler_boots|Defiler Boots
itm_black_sun_helmet|Black Sun Helmet
itm_black_sun_armor|Black Sun Armor
itm_gamorrean_armor|Gamorrean Armor
itm_gamorrean_armor_merch|Gamorrean Armor
itm_moncal_armor|Mon Calamari Armor
itm_moncal_armor_2|Mon Calamari Armor
itm_moncal_boots|Mon Calamari Boots
itm_moncal_helmet|Mon Calamri Helmet
itm_rodian_head|Rodian Head
itm_twilek_armor|Twi'lek Armor
itm_jawa_hood|Jawa Head
itm_jawa_robe|Jawa Robe
itm_jawa_boots|Jawa Boots
itm_tusken_helmet|Tusken Helmet
itm_tusken_armor|Tusken Armor
itm_trandoshan_armor|Trandoshan Armor
itm_geonosian_armor|Geonosian Armor
itm_geonosian_armor_merch|Geonosian Armor
itm_lightsaber_green_arena|Lightsaber
itm_lightsaber_blue_arena|Lightsaber
itm_lightsaber_yellow_arena|Lightsaber
itm_lightsaber_red_arena|Lightsaber
itm_lightsaber_green|Lightsaber
itm_lightsaber_blue|Lightsaber
itm_lightsaber_orange|Lightsaber
itm_lightsaber_purple|Lightsaber
itm_lightsaber_yellow|Lightsaber
itm_lightsaber_red|Lightsaber
itm_lightsaber_green_reverse|Reverse Grip Lightsaber
itm_lightsaber_blue_reverse|Reverse Grip Lightsaber
itm_lightsaber_orange_reverse|Reverse Grip Lightsaber
itm_lightsaber_purple_reverse|Reverse Grip Lightsaber
itm_lightsaber_yellow_reverse|Reverse Grip Lightsaber
itm_lightsaber_red_reverse|Reverse Grip Lightsaber
itm_lightsaber_blue_double|Double-Bladed Lightsaber
itm_lightsaber_green_double|Double-Bladed Lightsaber
itm_lightsaber_orange_double|Double-Bladed Lightsaber
itm_lightsaber_purple_double|Double-Bladed Lightsaber
itm_lightsaber_red_double|Double-Bladed Lightsaber
itm_lightsaber_yellow_double|Double-Bladed Lightsaber
itm_lightsaber_green_2h|Two Handed Lightsaber
itm_lightsaber_blue_2h|Two Handed Lightsaber
itm_lightsaber_orange_2h|Two Handed Lightsaber
itm_lightsaber_purple_2h|Two Handed Lightsaber
itm_lightsaber_yellow_2h|Two Handed Lightsaber
itm_lightsaber_red_2h|Two Handed Lightsaber
itm_lightsaber_green_1h|One Handed Lightsaber
itm_lightsaber_blue_1h|One Handed Lightsaber
itm_lightsaber_orange_1h|One Handed Lightsaber
itm_lightsaber_purple_1h|One Handed Lightsaber
itm_lightsaber_yellow_1h|One Handed Lightsaber
itm_lightsaber_red_1h|One Handed Lightsaber
itm_lightsaber_green_pike|Lightsaber Pike
itm_lightsaber_blue_pike|Lightsaber Pike
itm_lightsaber_orange_pike|Lightsaber Pike
itm_lightsaber_purple_pike|Lightsaber Pike
itm_lightsaber_yellow_pike|Lightsaber Pike
itm_lightsaber_red_pike|Lightsaber Pike
itm_darth_vader_lightsaber|Darth Vader's Lightsaber
itm_obi_wan_lightsaber|Obi-Wan Kenobi's Lightsaber
itm_luke_skywalker_lightsaber|Luke Skywalker's Lightsaber
itm_anakin_skywalker_lightsaber|Anakin Skywalker's Lightsaber
itm_lightsaber_red_multikill|Multi-hit Lightsaber (in development)
itm_durasteel_staff|Durasteel Staff
itm_electro_staff_medium|Electrostaff
itm_electro_staff_long|Electrostaff
itm_gamorrean_axe_1h|One Handed Gamorrean Axe
itm_gamorrean_axe_2h|Two Handed Gamorrean Axe
itm_vibro_axe_medium_1h|One Handed Vibro-Axe
itm_vibro_axe_medium_2h|Two Handed Vibro-Axe
itm_vibro_axe_long_1h|One Handed Vibro-Axe
itm_vibro_axe_long_2h|BD-1 Cutter Vibro-Axe
itm_tusken_gaffi_staff|Gaffi Staff
itm_tusken_gaffi_stick|Gaffi Stick
itm_durasteel_mace|Durasteel Mace
itm_baton|Baton
itm_trandoshan_blade|Trandoshan Blade
itm_durasteel_bat|Durasteel Bat
itm_force_pike|Force Pike
itm_geonosian_static_pike|Geonosian Static Pike
itm_pipe1|Pipe
itm_pipe2|Pipe
itm_ryyk_blade|Ryyk Blade
itm_ryyk_kerarthorr|Ryyk Kerarthorr Blade
itm_ryyk_blade_chieftain|Chieftain Ryyk Blade
itm_sith_sword|Sith Sword
itm_combat_knife|Combat Knife
itm_twilek_dagger|Twilek Dagger
itm_vibro_knuckler|Vibro Knuckler
itm_vibro_blade1|Vibro Blade
itm_vibro_blade2|Vibro Blade
itm_vibro_blade3|Vibro Blade
itm_vibro_blade4|Vibro Blade
itm_vibro_sword1b|Vibro Sword
itm_vibro_sword2b|Two Handed Vibro Sword
itm_vibro_sword3_gold|Vibro Sword
itm_vibro_sword3_blue|Vibro Sword
itm_vibro_sword3_red|Vibro Sword
itm_tutorial_lightsaber|Lightsaber
itm_practice_vibro_axe_medium|Gamorrean Vibro-Axe
itm_practice_vibro_axe_long|BD-1 Cutter Vibro-Axe
itm_practice_vibro_axe_long_no_attack|BD-1 Cutter Vibro-Axe
itm_practice_vibro_blade|Vibro Blade
itm_practice_vibro_sword3a|Vibro Sword
itm_practice_vibro_sword2b|Two Handed Vibro Sword
itm_practice_vibro_sword1b|Vibro Sword
itm_quick_battle_armor|Armor
itm_transparent_helmet_armor|Transparent Helmet with Body Armor
itm_twilek_female_helmet_armor|Twilek Female Helmet with Body Armor
itm_twilek_male_head_bib|Bib Fortuna Head
itm_weequay_head_helmet_a|Weequay Head
itm_weequay_head_helmet_b|Weequay Head
itm_klatooinian_head_helmet_a|Klatooinian Head
itm_nikto_head_helmet_a|Nikto Head
itm_nikto_head_helmet_b|Nikto Head
itm_nikto_head_helmet_c|Nikto Head
itm_tarkin_head|Grand Moff Tarkin Head
itm_ben_head|Ben Kenobi Head
itm_leia_head|Leia Organa Head
itm_rancor_body_a|Rancor Body
itm_rancor_body_b|Rancor Body
itm_rancor_body_c|Rancor Body
itm_rancor_keeper_armor|Rancor Keeper Armor
itm_yoda_armor|Yoda Armor and Chair
itm_yoda_lightsaber|Yoda's Lightsaber
itm_yoda_speeder|Yoda's Transparent Speeder
itm_jabba_armor|Jabba Armor and Chair
itm_jabba_attack|Jabba No Attack
itm_jabba_speeder|Jabba's Transparent Speeder
itm_transparent_head|Transparent Head
itm_transparent_body|Transparent Body
itm_transparent_hands|Transparent Hands
itm_chewbacca_bowcaster|Chewbacca's Bowcaster
itm_boba_fett_blaster|Boba Fett's EE-3
itm_dengar_boots|Dengar's Boots
itm_force_throw_lightsaber_yellow_merch|Throwing Lightsaber
itm_force_throw_lightsaber_red_pike|Throwing Lightsaber Pike
itm_twilek_dagger_throwing|Twilek Throwing Daggers
itm_thermal_detonator1|Thermal Detonator
itm_thermal_detonator2|Thermal Detonator
itm_thermal_detonator3|Thermal Detonator
itm_energy_shield_green_small|Small Energy Shield
itm_energy_shield_yellow_small|Small Energy Shield
itm_energy_shield_red_medium|Medium Energy Shield
itm_energy_shield_blue_medium|Medium Energy Shield
itm_energy_shield_green_medium|Medium Energy Shield
itm_energy_shield_oval|Oval Energy Shield
itm_energy_shield_circle|Circular Energy Shield
itm_durasteel_shield_small|Small Durasteel Shield
itm_ryyk_blade_shield|Ryyk Blade Shield
itm_force_block|Force Block
itm_force_shield|Force Shield
itm_force_protect|Force Protect
itm_hero_shield|Transparent Hero Shield
itm_tutorial_energy_shield|Tutorial Energy Shield
itm_force_throw_lightsaber_tl|Force Throw Lightsaber
itm_force_lightning_ammo|Force Lightning
itm_laser_bolts_green_pistol|Plasma Gas Cartridges
itm_laser_bolts_blue_pistol|Plasma Gas Cartridges
itm_stun_beam_pistol|Stun Beam Cartridges
itm_ion_beam_pistol|Ion Beam Cartridges
itm_sonic_beam_pistol|Sonic Beam Cartridges
itm_laser_bolts_red_rifle|Plasma Gas Cartridges
itm_disruptor_ammo_rifle|Disruptor Ammo for Rifles
itm_laser_bolts_training_rifle|Laser Bolts
itm_force_jump|Force Jump
itm_corellian_destroyer_blaster|Corellian Destroyer Blaster
itm_trandoshan_acp_array_gun|Trandoshan ACP Array Gun
itm_trandoshan_stun_gun|Trandoshan Stun Gun
itm_quicksnap_36t|QuickSnap 36T
itm_bothan_bola_carabine|Bothan Bola Carabine
itm_ee3_stun|Stun EE-3
itm_e11_stun|Stun E-11
itm_wookiee_bowcaster|Bowcaster
itm_kashyyyk_long_gun|Kashyyyk Long Gun
itm_geonosian_sonic_rifle|Geonosian Sonic Rifle
itm_senate_rifle|Security Guard Rifle
itm_dh17_stun|Stun DH-17
itm_dl44a_stun|Stun DL-44
itm_dl44b|Modified DL-44
itm_westar_stun|Stun Westar-34
itm_wrist_blaster|Wrist Mounted Blaster
itm_storm_rifle|StormTrooper Rifle
itm_dlt19_training|DLT-19 with Scope
itm_heavy_weapons_ammo|Heavy Weapons Ammo
itm_flame_rifle|CR-24 Flame Rifle (in development)
itm_force_choke|Force Choke
itm_speeder_hutt|Military Z4-Z Speeder Bike
itm_horus_winged_cruiser|Horus Winged Cruiser
itm_pod_racer|Pod Racer
itm_speeder_dagger|Dagger Speeder Bike
itm_power_chair|Power Chair
