itm_horse_meat|Pferdefleisch
itm_practice_boots|Übungsstiefel
itm_arena_tunic_white|Weißer Arenawaffenrock 
itm_arena_tunic_red|Roter Arenawaffenrock
itm_arena_tunic_blue|Blauer Arenawaffenrock
itm_arena_tunic_green|Grüner Arenawaffenrock
itm_arena_tunic_yellow|Gelber Arenawaffenrock
itm_book_tactics|Taktik-Holocron
itm_book_persuasion|Überzeugungskraft-Holocron
itm_book_leadership|Anführerschaft-Holocron
itm_book_intelligence|Intelligenz-Holocron
itm_book_trade|Handels-Holocron
itm_book_weapon_mastery|Waffenmeisterschafts-Holocron
itm_book_engineering|Ingenieurs-Holocron
itm_book_wound_treatment_reference|2-1B Medizinischer Droide
itm_book_first_aid_reference|Medizinische Datenbank
itm_book_tactics_reference|Dejarik Spieltisch
itm_book_trade_reference|Sabacc-Karten
itm_book_ironflesh_reference|Persönlicher Schild
itm_book_horse_archery_reference|Laser-Zieleinrichtung
itm_book_training_reference|Trainings Remote
itm_book_surgery_reference|Bacta Tank
itm_smoked_fish|Räucherfisch
itm_dried_meat|Nerf-Dörrfleisch
itm_cattle_meat|Nerf-Fleisch
itm_bantha_steak|Bantha-Steak
itm_pork|Schweinefleisch
itm_bread|Brot
itm_vagnerian_canape|Vagnerian Canape
itm_carbohydrate_pack|Carbohydrat-Pack
itm_apples|Äpfel
itm_blue_milk|Blaue Milch
itm_mujo_fruit|Mujo-Frucht
itm_cheese|Byss-Käse
itm_chicken|Brathähnchen
itm_protein_pack|Protein-Pack
itm_honey|Honig
itm_sausages|Nerf-Würste
itm_cabbages|Kohlköpfe
itm_bristle_melon|Bristle-Melone
itm_butter|Bantha-Butter
itm_container_spice_1|Schiffsladung ryllischer Gewürze
# itm_container_spice_2|Shipment of Gree Spice
# itm_container_spice_3|Shipment of Glitterstim Spice
itm_container_food_1|Schiffsladung Gemüse
itm_container_food_2|Schiffsladung Kohlenhydrate
itm_container_food_3|Schiffsladung Proteine
# itm_container_metal_1|Shipment of Beskar bars
itm_container_metal_2|Schiffsladung Durastahlbarren
# itm_container_metal_3|Shipment of Bronzium bars
itm_container_death_sticks|Karton Killer-Sticks
itm_container_drink_1|Schiffsladung Wasser
itm_container_drink_2|Schiffsladung schwarzer Äl
itm_container_drink_3|Schiffsladung Jurisaft
itm_carbonite_tibanna|carbonisierte Schiffsladung Tibannagas
# itm_container_ore|Ore container
itm_butter|Bantha-Butter
itm_wine|Mandalorianischer Wein
itm_ale|Corellianisches Bier
itm_spice|Gewürze
itm_salt|Bassel-Meer-Salz
itm_grain|Weizen
itm_flour|Mehl
itm_iron|Durastahl
itm_bacta_injector|Bacta Injektor
itm_bacta_capsule|Bacta-Kapsel
itm_binocular|Makrobinokular
itm_jetpack|Jetpack
itm_oil|Öl
itm_pottery|Geonosianische Töpferwaren
itm_linen|Lashaa-Seide
itm_furs|Ewok-Fell
itm_wookiee_fur|Wookiee-Pelz
itm_trandoshan_skin|Trandoshan-Haut
itm_droid_parts|Droiden-Komponente
itm_wool|Nerf-Wolle
itm_velvet|Naboo-Samt
itm_tools|Hydrospanner
itm_siege_supply|Zubehör
itm_quest_wine|Wein
itm_quest_ale|Bier
itm_pilgrim_disguise|Wallfahrerverkleidung
itm_pilgrim_hood|Wallfahrerkutte
itm_leather_gloves|Lederhandschuhe
itm_wrapping_boots|Wickelstiefel
itm_blue_hose|Blaue Hose
itm_hide_boots|Fellstiefel
itm_ankle_boots|Stiefeletten
itm_nomad_boots|Nomadenstiefel
itm_dress|Kleidung
itm_blue_dress|Blaue Kleidung
itm_peasant_dress|Bauernkleidung
itm_woolen_dress|Wollkleidung
itm_courtly_outfit|Höfische Kleidung
itm_nobleman_outfit|Nobelmannkleidung
itm_leather_armor|Lederrüstung
itm_shirt|Hemd
itm_linen_tunic|Leinenwaffenrock
itm_short_tunic|Prächtiger Waffenrock
itm_robe|Robe
itm_coarse_tunic|Grober Waffenrock
itm_leather_apron|Lederschürze
itm_tabard|Wappenrock
itm_leather_vest|Lederweste
itm_gambeson|Gambeson
itm_blue_gambeson|Blauer Gambeson
itm_red_gambeson|Roter Gambeson
itm_padded_cloth|Gefütterte Stoffrüstung
itm_leather_jerkin|Lederwams
itm_padded_leather|Gefütterte Lederrüstung
itm_straw_hat|Strohhut
itm_common_hood|Haube
itm_headcloth|Kopftuch
itm_woolen_hood|Wollhaube
itm_fur_hat|Fellhaube
itm_padded_coif|Gefütterte Bundhaube
itm_woolen_cap|Wollkappe
itm_felt_hat|Filzhut
itm_leather_cap|Lederhaube
itm_arming_cap|Unterhaube
itm_female_hood|Damenhaube
itm_wooden_stick|Holzstock
itm_club|Knüppel
itm_cleaver|Hackmesser
itm_knife|Messer
itm_butchering_knife|Metzgermesser
itm_hatchet|Kriegsbeil
itm_quarter_staff|Kampfstab
itm_throwing_axes|Gamorreanische Wurfaxt
itm_rich_outfit|Prunkkleidung
itm_black_hood|Schwarze Kapuze
itm_light_leather|Leichte Lederrüstung
itm_light_leather_boots|Leichte Lederstiefel
itm_black_gloves|Schwarze Handschuhe
itm_black_gloves_long|Lange Schwarze Handschuhe
itm_right_hand_glove|Rechter Handschuh
itm_grey_gloves|Graue Handschuhe
itm_darkgrey_gloves|Dunkelgraue Handschuhe
itm_lady_gloves|Damenhandschuhe
itm_mandalorian_crushgaunts|Mandalorianische Schlaghandschuhe
itm_imperial_royal_guard_gloves|Imperiale Königliche Wachhandschuhe
itm_imperial_stormtrooper_gloves|Imperiale Sturmtruppenhandschuhe
# itm_novatrooper_gloves|Novatrooper Gloves
# itm_incinerator_trooper_gloves|Incinerator Trooper Gloves
itm_clone_trooper_gloves_white|Klonkriegerhandschuhe
itm_clone_trooper_gloves_green|Klonkriegerhandschuhe
itm_clone_trooper_gloves_blue|Klonkriegerhandschuhe
itm_clone_trooper_gloves_red|Klonkriegerhandschuhe
itm_clone_trooper_gloves_yellow|Klonkriegerhandschuhe
itm_clone_trooper_gloves_orange|Klonkriegerhandschuhe
itm_grey_gloves_with_bottle|Graue Handschuhe mit Schnalle
itm_leather_boots|Lederstiefel
itm_leather_boots_reinforced|Verstärkte Lederstiefel
itm_black_boots|Schwarze Stiefel
itm_black_boots_reinforced|Verstärkte Schwarze Stiefel
itm_grey_boots|Graue Stiefel
itm_white_boots|Weiße Stiefel
itm_white_boots_reinforced|Verstärkte Weiße Stiefel
itm_imperial_royal_guard_boots|Imperiale Königliche Wachenstiefel
itm_imperial_stormtrooper_boots|Imperiale Sturmtruppenstiefel
itm_imperial_stormtrooper_boots_incinerator|Verbrennungstruppen Stiefel
# itm_imperial_stormtrooper_boots_novatrooper|Novatrooper Boots
itm_imperial_scout_trooper_boots|Imperiale Spähtruppenstiefel
itm_shadow_scout_trooper_boots|Imperiale Schatten-Spähtruppenstiefel
itm_clone_trooper_boots|Clone-Truppen-Stiefel
itm_lobot_headgear|Borg-Konstrukt A6
itm_glasses_black|Schützenbrille
itm_glasses_yellow|Schützenbrille
itm_eyepiece_tactics|Taktisches Augenglas
itm_eyepiece_leadership|Führungs-Augenglas
itm_slave_neck_chain|Sklavenhalsband
itm_officer_hat_white|Offizierskappe
itm_civilian_cloak_hood|Ziviler Umhang mit Kapuze
itm_imperial_hat_green|Imperiale Kappe
itm_imperial_hat_black|Imperiale Kappe
itm_imperial_hat_grey|Imperiale Kappe
itm_rebel_technician_helmet|Rebellen Kadettenhelm
itm_rebel_trooper_helmet|Rebellen Flottentruppenhelm
itm_rebel_heavy_trooper_helmet|Rebellen Schwere-Truppen-Helm
itm_rebel_honor_guard_helmet|Rebellen Ehrengardistenhelm
itm_transparent_helmet|Transparenter Helm
itm_imperial_trooper_helmet|Imperialer Kadettenhelm
itm_imperial_gunner_helmet|Imperialer Kanoniershelm
itm_imperial_navy_trooper_helmet|Imperialer Flottentruppenhelm
itm_mercenary_helmet|Söldnerhelm
itm_trandoshan_mask|Trandoshanische Maske
itm_trandoshan_helmet|Trandoshanischer Helm
itm_cap_military|Militär-Kappe
itm_cap_civilian_a|Zivil-Kappe
itm_ewok_hat|Ewok Hut
itm_rancor_keeper_hat|Rancor-Pfleger-Hut
itm_rodian_ventilator|Rodianer Beatmungsgerät
itm_rodian_ventilator_black|Rodianer Beatmungsgerät
itm_rodian_ventilator_red|Rodianer Beatmungsgerät
itm_gamorrean_helmet|Gamorreaner Helm
itm_fang_helmet|Reißzahnhelm
itm_beak_helmet|Rüsselhelm
itm_gas_mask|Gasmaske
itm_mining_helmet|Bergbauhelm
itm_pipe_helmet|Pfeifenhelm
itm_skiff_guard_helmet|Skiff-Wachen-Helm
itm_imperial_stormtrooper_helmet|Imperialer Sturmtruppenhelm
itm_imperial_stormtrooper_helmet_incinerator|Verbrennungstruppen Helm
itm_imperial_stormtrooper_helmet_novatrooper|Novatruppen Helm
itm_imperial_pilot_helmet|Imperialer Pilotenhelm
itm_clone_trooper_head|Klon-Truppen-Kopf
itm_clone_trooper_head_scar|Klon-Truppen-Kopf
itm_clone_trooper_helmet_white|Klon-Truppen-Helm
itm_clone_trooper_helmet_green|Klon-Truppen-Helm
itm_clone_trooper_helmet_blue|Klon-Truppen-Helm
itm_clone_trooper_helmet_red|Klon-Truppen-Helm
itm_clone_trooper_helmet_yellow|Klon-Truppen-Helm
itm_clone_trooper_helmet_orange|Klon-Truppen-Helm
itm_clone_trooper_helmet_mand|Klon-Truppen-Helm
itm_clone_trooper_helmet_lux|Klon-Truppen-Helm
itm_imperial_scout_trooper_helmet|Imperialer Spähtruppenhelm
itm_shadow_scout_trooper_helmet|Imperialer Schatten-Spähtruppenhelm
itm_republic_pilot_helmet|Republikanischer Pilotenhelm
itm_republic_commando_helmet|Republikanischer Kommandohelm
# itm_republic_commando_desert_helmet|Rebel Desert Commando Helmet
# itm_republic_commando_urban_helmet|Rebel Urban Commando Helmet
itm_rebel_sniper_helmet|Rebellen Scharfschützenhelm
itm_jedi_knight_hood|Jedi-Ritter-Kapuze
itm_jedi_knight_hood_unique|Jedi-Ritter-Kapuze
itm_sith_hood|Sith-Kapuze
itm_sith_hood_unique|Sith-Kapuze
itm_jedi_master_hood|Jedi-Meister-Kapuze
itm_jedi_master_hood_unique|Jedi-Meister-Kapuze
itm_jedi_knight_cloak|Jedi-Ritter-Umhang
itm_jedi_knight_cloak_hood|Jedi-Ritter-Umhang mit Kapuze
itm_jedi_master_cloak|Jedi-Meister-Umhang
itm_jedi_master_cloak_hood|Jedi-Meister-Umhang mit Kapuze
itm_sith_cloak|Sith-Umhang
itm_sith_cloak_hood|Sith-Umhang mit Kapuze
itm_sith_cloak_mask|Sith-Umhang mit Maske
itm_imperial_royal_guard_helmet|Imperialer Königlicher Wachenhelm
itm_shadow_guard_helmet|Imperialer Schatten-Wachenhelm
itm_desert_hat1|Wüstenhut
itm_desert_hat2|Wüstenhut
itm_desert_hat3|Wüstenhut
itm_urban_hat1|Stadthut
itm_urban_hat2|Stadthut
itm_urban_hat3|Stadthut
itm_camouflage_hat1|Tarnfarbenhut
itm_camouflage_hat2|Tarnfarbenhut
itm_camouflage_hat3|Tarnfarbenhut
itm_dress_yellow|Damenkleid
itm_dress_red|Damenkleid
itm_dress_green|Damenkleid
itm_dress_blue|Damenkleid
itm_tunic_green|Tunika
itm_tunic_white|Tunika
itm_tunic_blue|Tunika
itm_tunic_red|Tunika
itm_tunic_yellow|Tunika
itm_padded_tunic_green|Flickentunika
itm_padded_tunic_white|Flickentunika
itm_padded_tunic_blue|Flickentunika
itm_padded_tunic_red|Flickentunika
itm_padded_tunic_yellow|Tunika
itm_officer_uniform_white|Offiziers-Uniform
# itm_imperial_uniform_black_plain|Imperial Uniform
itm_female_outfit_femconblack|Weibliche Ausstattung
itm_female_outfit_femconbrowngreen|Weibliche Ausstattung
itm_female_outfit_femcongrey|Weibliche Ausstattung
itm_female_outfit_femconorange|Weibliche Ausstattung
itm_female_outfit_femconwhite|Weibliche Ausstattung
itm_female_outfit_femconwhitebrown|Weibliche Ausstattung
itm_outfit_tan|Overall
itm_outfit_grey|Overall
itm_outfit_black|Overall
itm_outfit_green|Overall
itm_vest_open_a|Offene Weste
itm_vest_open_b|Offene Weste
itm_vest_closed_a|Geschlossene Weste
itm_vest_closed_b|Geschlossene Weste
itm_vest_closed_c|Geschlossene Weste
itm_shirt_blue|Hemd
itm_shirt_green|Hemd
itm_vest_closed_f|Schneejacke
itm_jacket_open_a|Offene Jacke
itm_jacket_open_b|Offene Jacke
itm_jacket_open_c|Offene Jacke
itm_female_jacket_a|Damen-Jacke
itm_female_jacket_b|Damen-Jacke
itm_female_jacket_c|Damen-Jacke
itm_female_dress_a|Kleid
itm_female_dress_b|Kleid
itm_female_dancer_outfit_a|Tänzerinnenoutfit
itm_female_dancer_outfit_a_cloak|Tänzerinnenoutfit
itm_female_dancer_boots|Tänzerinnenstiefel
# itm_female_leather_a|Female Leather Outfit
# itm_female_leather_b|Female Leather Outfit
# itm_female_leather_c|Female Leather Outfit
# itm_female_leather_d|Female Leather Outfit
itm_jacket_closed_a|Geschlossene Jacke
itm_jacket_closed_b|Geschlossene Jacke
itm_jacket_closed_c|Geschlossene Jacke
itm_klatooinian_armor|Klatooinianische Rüstung
itm_scavenger_armor|Plündererrüstung
itm_mercenary_armor|Söldner-Rüstung
itm_crime_lord_armor|Verbrecherherren-Rüstung
itm_trandoshan_flight_suit|Trandoshan-Fluganzug
itm_civilian_cloak|Ziviler Umhang
itm_white_cloak|Weißer Umhang
itm_padded_armor_white|Gepolsterte Rüstung
itm_padded_armor_red|Gepolsterte Rüstung
itm_padded_armor_blue|Gepolsterte Rüstung
itm_armor_blue|Rüstung
itm_armor_brown|Rüstung
itm_armor_red|Rüstung
itm_armor_white|Rüstung
itm_pirate_armor|Rüstung
itm_imperial_uniform_black|Imperiale Offiziers-Uniform
itm_imperial_uniform_green|Imperiale Offiziers-Uniform
itm_rebel_uniform_tanblue|Rebellen Kommandeurs-Uniform
itm_rebel_uniform_green|Rebellen Offiziers-Uniform
itm_imperial_trooper_armor|Imperiale Truppen-Rüstung
itm_imperial_navy_trooper_armor|Imperiale Flottentruppen-Rüstung
itm_imperial_trooper_armor|Imperiale Truppen-Rüstung
itm_rebel_technician_armor|Rebellen Kadetten-Rüstung
itm_republic_trooper_armor|Rebellen Flotten-Trooper-Rüstung
# itm_rebel_heavy_trooper_armor|Rebel Heavy Trooper Armor
itm_jedi_initiate_robe|Jedi Eingeweihten Robe
itm_jedi_padawan_robe|Jedi Lehrlings Robe
itm_sith_acolyte_outfit|Sith Akolyten-Ausstattung
itm_sith_apprentice_outfit|Sith Lehrlings-Ausstattung
itm_imperial_scout_trooper_armor|Imperiale Spähtruppen-Rüstung
itm_shadow_scout_trooper_armor|Imperiale Schatten-Spähtruppen-Rüstung
itm_republic_pilot_armor|Rebellen Piloten-Rüstung
itm_republic_commando_armor|Rebellen Kommando-Rüstung
# itm_republic_commando_desert_armor|Rebel Desert Commando Armor
# itm_republic_commando_urban_armor|Rebel Urban Commando Armor
itm_rebel_sniper_armor|Rebellen Scharfschützen Rüstung
itm_imperial_stormtrooper_armor|Imperiale Sturmtruppen-Rüstung
# itm_imperial_stormtrooper_armor_incinerator|Incinerator Trooper Armor
# itm_imperial_stormtrooper_armor_novatrooper|Novatrooper Armor
itm_imperial_stormtrooper_armor|Imperiale Sturmtruppen-Rüstung
itm_rebel_honor_guard_armor|Rebellen Ehrengarde-Rüstung
itm_clone_trooper_armor_white|Clone-Truppen-Rüstung
itm_clone_trooper_armor_green|Clone-Truppen-Rüstung
itm_clone_trooper_armor_blue|Clone-Truppen-Rüstung
itm_clone_trooper_armor_red|Clone-Truppen-Rüstung
itm_clone_trooper_armor_yellow|Clone-Truppen-Rüstung
itm_clone_trooper_armor_orange|Clone-Truppen-Rüstung
itm_clone_trooper_armor_mand|Clone-Truppen-Rüstung
# itm_clone_trooper_armor_lux|Clone Trooper Armor
itm_arc_trooper_armor_green|Arc-Truppen-Rüstung
itm_arc_trooper_armor_blue|Arc-Truppen-Rüstung
itm_arc_trooper_armor_red|Arc-Truppen-Rüstung
itm_arc_trooper_armor_yellow|Arc-Truppen-Rüstung
itm_arc_trooper_armor_orange|Arc-Truppen-Rüstung
itm_arc_trooper_armor_mand|Arc-Truppen-Rüstung
# itm_arc_trooper_armor_lux|Arc Trooper Armor
itm_skiff_guard_armor_brown|Skiff-Wachen-Rüstung
itm_skiff_guard_armor_grey|Skiff-Wachen-Rüstung
itm_skiff_guard_armor_white|Skiff-Wachen-Rüstung
itm_hutt_palace_guard_armor|Hutten Palastwachen-Rüstung
itm_jedi_knight_robe|Jedi-Ritter-Robe
itm_jedi_knight_robe_unique|Jedi-Ritter-Robe
itm_jedi_guardian_robe_a|Jediwächterrobe
itm_jedi_guardian_robe_b|Jediwächterrobe
itm_jedi_guardian_robe_c|Jediwächterrobe
itm_jedi_guardian_robe_d|Jediwächterrobe
itm_sith_knight_robe|Sithritterrobe
itm_sith_knight_robe_unique|Sithritterrobe
itm_sith_knight_robe_a|Sithritterrobe
itm_sith_knight_robe_b|Sithritterrobe
itm_sith_knight_robe_c|Sithritterrobe
itm_imperial_royal_guard_robe|Imperiale Königliche Wachen-Robe
itm_shadow_guard_robe|Imperiale Schattenwachen-Robe
itm_imperial_stormtrooper_armor_officer|Imperiale Sturmtruppen-Offiziers-Rüstung
itm_sw_desert_armor|Schwere Wüstenrüstung
itm_sw_urban_armor|Schwere Stadtrüstung
itm_sw_sniper_armor|Scharfschützenrüstung
itm_jedi_robe_a|Jedi-Robe
itm_jedi_robe_a_unique|Jedi-Robe
itm_jedi_robe_b|Sith-Robe
# itm_jedi_robe_b_long|Long Sith Robe
itm_jedi_robe_c|Jedi-Robe
# itm_jedi_robe_c_long|Long Sith Robe
itm_jedi_robe_d|Jedi-Robe
itm_jedi_robe_d_unique|Jedi-Robe
itm_jedi_robe_e|Jedi-Robe
itm_jedi_robe_e_unique|Jedi-Robe
itm_jedi_robe_f|Jedi-Robe
itm_jedi_robe_f_unique|Jedi-Robe
itm_jedi_master_robe|Jedi-Meister-Robe
itm_jedi_master_robe_unique|Jedi-Meister-Robe
itm_sith_marauder_robe|Sith-Marodeur-Robe
itm_sith_marauder_robe_unique|Sith-Marodeur-Robe
# itm_sith_marauder_robe_a|Sith Marauder Robe
# itm_sith_marauder_robe_b|Sith Marauder Robe
# itm_sith_marauder_robe_c|Sith Marauder Robe
# itm_sith_marauder_robe_d|Sith Marauder Robe
itm_sith_master_robe|Sith-Lehrmeister-Robe
itm_sith_master_robe_unique|Sith-Lehrmeister-Robe
itm_guard_armor|Wachen-Rüstung
itm_guard_armor_red|Hüter-Rüstung
itm_blast_armor_black|Detonator-Rüstung
itm_blast_armor_red|Detonator-Rüstung
itm_blast_armor_grey|Detonator-Rüstung
itm_blast_armor_bluegrey|Detonator-Rüstung
itm_ubese_armor|Ubese Rüstung
# itm_ubese_armor_alt|Ubese Armor
itm_wookiee_armor1|Wookiee-Rüstung
itm_wookiee_armor1_merch|Wookiee-Rüstung
itm_wookiee_armor2|Wookiee-Rüstung
itm_wookiee_armor2_merch|Wookiee-Rüstung
itm_wookiee_hunter_armor|Wookiee Jäger-Rüstung
itm_wookiee_hunter_helmet|Wookiee Jäger-Helm
itm_wookiee_female_head|Wookiee Frauen-Kopf
itm_wookiee_female_body|Wookiee Frauen-Körper
itm_wookiee_female_hands|Wookiee Frauen-Hand
itm_wookiee_female_feet|Wookiee Frauen-Fuß
itm_kaminoan_female_head|Kaminoanischer-Weiblicher-Kopf
itm_kaminoan_female_body|Kaminoanischer-Weiblicher-Körper
# itm_droid_weapon_no_attack|Droid Melee Weapon (No Attack)
itm_r2series_blue|R2-Serie Blau
itm_r2series_green|R2-Serie Grün
itm_r2series_orange|R2-Serie Orange
itm_r2series_purple|R2-Serie Lila
itm_mse6_armor|MSE-Serie Droiden-Körper
itm_lin_droid_armor|LIN-Droiden-Körper
itm_lin_droid_armor_w_arm|LIN-Droiden-Körper
# itm_power_droid_grey|Power Droid
# itm_power_droid_snow|Power Droid
# itm_power_droid_tan|Power Droid
# itm_fxseries_droid_armor|FX-Series Medical Droid Body
# itm_c3po_blue_head|3PO-Series Head
# itm_c3po_blue_hands|3PO-Series Hands
# itm_c3po_blue_body|3PO-Series Body
# itm_c3po_blue_feet|3PO-Series Feet
# itm_c3po_gold_head|3PO-Series Head
# itm_c3po_gold_hands|3PO-Series Hands
# itm_c3po_gold_body|3PO-Series Body
# itm_c3po_gold_feet|3PO-Series Feet
# itm_c3po_grey_head|3PO-Series Head
# itm_c3po_grey_hands|3PO-Series Hands
# itm_c3po_grey_body|3PO-Series Body
# itm_c3po_grey_feet|3PO-Series Feet
# itm_c3po_red_head|3PO-Series Head
# itm_c3po_red_hands|3PO-Series Hands
# itm_c3po_red_body|3PO-Series Body
# itm_c3po_red_feet|3PO-Series Feet
itm_3poseries_gold|3PO-Serie Gold
itm_3poseries_blue|3PO-Serie Blau
itm_3poseries_red|3PO-Serie Rot
itm_3poseries_grey|3PO-Serie Grau
itm_3poseries_attack|3PO-Serie mit Angriffsprotokoll
itm_b1series_body|B1-Serie Kampf-Droiden-Körper
# itm_bxseries_body|BX-Series Commando Droid Body
# itm_oomseries_body|OOM Security Droid Body
# itm_oomseries_pilot_body|OOM Pilot Droid Body
# itm_oomseries_marine_body|OOM Marine Droid Body
# itm_oomseries_command_body|OOM Command Droid Body
# itm_battle_droid_attack|Battle Droid Melee Attack
# itm_b2series_body|B2-Series Battle Droid Body
# itm_b2series_body_enhanced|C-B3 Battle Droid Body
# itm_b2series_attack|B2-Series Battle Droid Attack
# itm_b2series_blaster|B2-Series Battle Droid Blaster
# itm_transparent_droid_head|Transparent Head (for Droids)
# itm_transparent_droid_hands|Transparent Hands (for Droids)
# itm_transparent_droid_feet|Transparent Feet (for Droids)
itm_ig88_head|IG-88 Kopf
itm_ig88_hands|IG-88 Hände
itm_ig88_body|IG-88 Körper
itm_ig88_feet|IG-88 Beine
itm_ig88_attack| 
itm_ig88_e11_shield|IG-88 E-11-Schilde
itm_ig88_dlt20a|IG-88 DLT-20A-Gewehr
# itm_4lom_head|LOM-Series Head
# itm_hk_head|HK-Series Head
# itm_hk_hands|HK-Series Hands
# itm_hk_body|HK-Series Body
# itm_hk_feet|HK-Series Feet
itm_hk_attack| 
itm_mandalorian_tunic|Mandalorianische Tunika
itm_mandalorian_soldier_helmet|Mandalorianischer Soldatenhelm
# itm_mandalorian_soldier_helmet2|Mandalorian Soldier Helmet
# itm_mandalorian_soldier_helmet3|Mandalorian Soldier Helmet
itm_mandalorian_soldier_armor|Mandalorianische Soldatenrüstung
# itm_mandalorian_soldier_armor2|Mandalorian Soldier Armor
itm_mandalorian_soldier_boots|Mandalorianische Soldatenstiefel
itm_mandalorian_commando_helmet|Mandalorianischer Kommandohelm
itm_mandalorian_commando_armor|Mandalorianische Kommandorüstung
# itm_mandalorian_commando_armor2|Mandalorian Commando Armor
itm_mandalorian_commando_boots|Mandalorianische Kommandostiefel
itm_mandalorian_sniper_helmet|Mandalorianischer Scharfschützenhelm
itm_mandalorian_sniper_armor|Mandalorianische Scharfschützenrüstung
# itm_mandalorian_sniper_armor2|Mandalorian Sniper Armor
# itm_mandalorian_sniper_armor3|Mandalorian Sniper Armor
itm_mandalorian_sniper_boots|Mandalorianische Scharfschützenstiefel
itm_mandalorian_crusader_helmet|Mandalorianischer Plündererhelm
itm_mandalorian_neocrusader_helmet|Mandalorianischer Neo-Plündererhelm
itm_mandalorian_crusader_armor|Mandalorianische Plündererrüstung
itm_mandalorian_crusader_boots|Mandalorianische Plündererstiefel
itm_mandalorian_deadeye_helmet|Mandalorianischer Spezialistenhelm
itm_mandalorian_deadeye_armor|Mandalorianische Spezialistenrüstung
# itm_mandalorian_deadeye_armor2|Mandalorian Deadeye Armor
# itm_mandalorian_deadeye_armor3|Mandalorian Deadeye Armor
itm_mandalorian_deadeye_boots|Mandalorianische Spezialistenstiefel
itm_mandalorian_beskar_helmet|Mandalorianischer Beskar-Helm
itm_mandalorian_beskar_armor|Mandalorianische Beskar-Rüstung
itm_mandalorian_beskar_boots|Mandalorianische Beskar-Stiefel
itm_defiler_helmet|Korrumpierer-Helm
itm_defiler_armor|Korrumpierer-Rüstung
itm_defiler_boots|Korrumpierer-Stiefel
itm_black_sun_helmet|Black-Sun-Helm
# itm_black_sun_helmet_tan|Black Sun Helmet
# itm_black_sun_helmet_teal|Black Sun Helmet
# itm_black_sun_helmet_red|Black Sun Helmet
itm_black_sun_armor|Black-Sun-Rüstung
# itm_black_sun_armor_tan|Black Sun Armor
# itm_black_sun_armor_teal|Black Sun Armor
# itm_black_sun_armor_red|Black Sun Armor
itm_gamorrean_armor|Gamorreanische Rüstung
itm_moncal_armor|Mon-Calamari-Rüstung
itm_moncal_armor_2|Mon-Calamari-Rüstung
itm_moncal_boots|Mon-Calamari-Stiefel
itm_moncal_helmet|Mon-Calamari-Helm
itm_twilek_armor|Twi'lek Rüstung
itm_jawa_hood|Jawa-Kopf
itm_jawa_robe|Jawa-Robe
itm_jawa_boots|Jawa-Stiefel
itm_tusken_helmet|Tusken-Helm
itm_tusken_armor|Tusken-Rüstung
itm_trandoshan_armor|Trandoshanische Rüstung
itm_geonosian_armor|Geonosianische Rüstung
itm_lightsaber_green_arena|Lichtschwert
itm_lightsaber_blue_arena|Lichtschwert
itm_lightsaber_yellow_arena|Lichtschwert
itm_lightsaber_red_arena|Lichtschwert
itm_lightsaber_green|Lichtschwert
itm_lightsaber_blue|Lichtschwert
itm_lightsaber_orange|Lichtschwert
itm_lightsaber_purple|Lichtschwert
itm_lightsaber_yellow|Lichtschwert
itm_lightsaber_red|Lichtschwert
# itm_lightsaber_green_reverse|Reverse Grip Lightsaber
# itm_lightsaber_blue_reverse|Reverse Grip Lightsaber
# itm_lightsaber_orange_reverse|Reverse Grip Lightsaber
# itm_lightsaber_purple_reverse|Reverse Grip Lightsaber
# itm_lightsaber_yellow_reverse|Reverse Grip Lightsaber
# itm_lightsaber_red_reverse|Reverse Grip Lightsaber
itm_lightsaber_blue_double|Doppelklingen Lichtschwert
itm_lightsaber_green_double|Doppelklingen Lichtschwert
itm_lightsaber_orange_double|Doppelklingen Lichtschwert
itm_lightsaber_purple_double|Doppelklingen Lichtschwert
itm_lightsaber_red_double|Doppelklingen Lichtschwert
itm_lightsaber_yellow_double|Doppelklingen Lichtschwert
itm_lightsaber_green_2h|Zweihänder Lichtschwert
itm_lightsaber_blue_2h|Zweihänder Lichtschwert
itm_lightsaber_orange_2h|Zweihänder Lichtschwert
itm_lightsaber_purple_2h|Zweihänder Lichtschwert
itm_lightsaber_yellow_2h|Zweihänder Lichtschwert
itm_lightsaber_red_2h|Zweihänder Lichtschwert
itm_lightsaber_green_1h|Einhand Lichtschwert
itm_lightsaber_blue_1h|Einhand Lichtschwert
itm_lightsaber_orange_1h|Einhand Lichtschwert
itm_lightsaber_purple_1h|Einhand Lichtschwert
itm_lightsaber_yellow_1h|Einhand Lichtschwert
itm_lightsaber_red_1h|Einhand Lichtschwert
itm_lightsaber_green_pike|Lichtschwert-Pike
itm_lightsaber_blue_pike|Lichtschwert-Pike
itm_lightsaber_orange_pike|Lichtschwert-Pike
itm_lightsaber_purple_pike|Lichtschwert-Pike
itm_lightsaber_yellow_pike|Lichtschwert-Pike
itm_lightsaber_red_pike|Lichtschwert-Pike
itm_darth_vader_lightsaber|Darth Vader's Lichtschwert
itm_obi_wan_lightsaber|Obi-Wan Kenobi's Lichtschwert
itm_luke_skywalker_lightsaber|Luke Skywalker's Lichtschwert
# itm_anakin_skywalker_lightsaber|Anakin Skywalker's Lightsaber
# itm_lightsaber_red_multikill|Multi-hit Lightsaber (in development)
itm_melee_punch| 
itm_durasteel_staff|Durastahl-Stab
itm_electro_staff_medium|Elektrostab
itm_electro_staff_long|Elektrostab
# itm_gamorrean_axe_1h|One Handed Gamorrean Axe
# itm_gamorrean_axe_2h|Two Handed Gamorrean Axe
# itm_vibro_axe_medium_1h|One Handed Vibro-Axe
# itm_vibro_axe_medium_2h|Two Handed Vibro-Axe
# itm_vibro_axe_long_1h|One Handed Vibro-Axe
# itm_vibro_axe_long_2h|BD-1 Cutter Vibro-Axe
itm_tusken_gaffi_staff|Gaffi-Stab
itm_tusken_gaffi_stick|Gaffi-Stock
itm_durasteel_mace|Durastahl-Keule
itm_baton|Schlagstock
itm_trandoshan_blade|Trandoshanische Klinge
itm_durasteel_bat|Durastahl-Schläger
itm_force_pike|Machtlanze
itm_geonosian_static_pike|Geonosianische Statik-Pike
itm_pipe1|Rohr
itm_pipe2|Rohr
itm_ryyk_blade|Ryyk-Klinge
itm_ryyk_kerarthorr|Ryyk-Kerarthorr-Klinge
itm_ryyk_blade_chieftain|Häuptlings-Ryyk-Klinge
itm_sith_sword|Sith-Schwert
itm_combat_knife|Kampfmesser
itm_twilek_dagger|Twi'lek-Dolch
itm_vibro_knuckler|Vibro-Schlagring
itm_vibro_blade1|Vibroklinge
itm_vibro_blade2|Vibroklinge
itm_vibro_blade3|Vibroklinge
itm_vibro_blade4|Vibroklinge
itm_vibro_sword1b|Vibroschwert
itm_vibro_sword2b|Zweihänder-Vibroschwert
# itm_vibro_sword3_gold|Vibro Sword
# itm_vibro_sword3_blue|Vibro Sword
# itm_vibro_sword3_red|Vibro Sword
itm_tutorial_lightsaber|Lichtschwert
itm_practice_vibro_axe_medium|Gamorreanische Vibro-Axt
itm_practice_vibro_axe_long|BD-1 Schnitter-Vibro-Axt
itm_practice_vibro_axe_long_no_attack|BD-1 Schnitter-Vibro-Axt
itm_practice_vibro_blade|Vibroklinge
itm_practice_vibro_sword3a|Vibroschwert
itm_practice_vibro_sword2b|Zweihänder-Vibroschwert
itm_practice_vibro_sword1b|Vibroschwert
itm_quick_battle_armor|Rüstung
itm_transparent_helmet_armor|Transparenter Helm mit Körperrüstung
itm_twilek_female_helmet_armor|Twi'lekfrauen Helm mit Körperrüstung
itm_twilek_male_head_bib|Bib Fortuna Kopf
itm_weequay_head_helmet_a|Weequay Kopf
itm_weequay_head_helmet_b|Weequay Kopf
itm_klatooinian_head_helmet_a|Klatooinian Kopf
itm_nikto_head_helmet_a|Nikto Kopf
itm_nikto_head_helmet_b|Nikto Kopf
itm_nikto_head_helmet_c|Nikto Kopf
itm_tarkin_head|Groß-Moff Tarkin Kopf
# itm_ben_head|Ben Kenobi Head
# itm_leia_head|Leia Organa Head
itm_rancor_body_a|Rancor-Körper
itm_rancor_body_b|Rancor-Körper
itm_rancor_body_c|Rancor-Körper
itm_rancor_attack| 
itm_rancor_keeper_armor|Rancor-Pfleger-Rüstung
itm_yoda_armor|Yoda-Rüstung und Sessel
itm_yoda_lightsaber|Yoda's Lichtschwert
itm_yoda_speeder|Yoda's Transparenter Speeder
itm_jabba_armor|Jabba-Rüstung und Sessel
itm_jabba_attack|Jabba_No_Attack
itm_jabba_speeder|Jabba's Transparenter Speeder
itm_transparent_head|Transparenter Kopf
itm_transparent_body|Transparenter Körper
itm_transparent_hands|Transparente Hände
itm_transparent_feet|Transparente Füße
itm_darth_vader_helmet|Darth_Vader's Helm
itm_darth_vader_armor|Darth_Vader's Rüstung
# itm_darth_vader_feet|Darth Vader's Feet
itm_princess_leia_outfit|Prinzessin Leia's Ausstattung
itm_princess_leia_blaster|Prinzessin Leia's DDC-Verteidiger
itm_han_solo_outfit|Han Solo's Ausstattung
itm_han_solo_blaster|Han Solo's DL-44
itm_luke_skywalker_outfit|Luke Skywalker's Ausstattung
itm_chewbacca_bowcaster|Chewbacca's Bogen-Streubüchse
itm_chewbacca_ryyk_blade|Chewbacca's Ryyk-Klinge
itm_boba_fett_armor|Boba Fett's Rüstung
itm_boba_fett_helmet|Boba Fett's Helm
itm_boba_fett_boots|Boba Fett's Stiefel
itm_boba_fett_blaster|Boba Fett's EE-3
# itm_joruus_lightsaber|Cbaoth's Lightsaber
itm_dengar_armor|Dengar's Rüstung
itm_dengar_helmet|Dengar's Kopftuch
itm_dengar_boots|Dengar's Stiefel
itm_dengar_gloves|Dengar's Handschuhe
itm_weequay_vibro_axe|Weequay's Vibro-Axt
itm_force_throw_lightsaber_green|Wurf-Lichtschwert
itm_force_throw_lightsaber_blue|Wurf-Lichtschwert
itm_force_throw_lightsaber_orange|Wurf-Lichtschwert
itm_force_throw_lightsaber_purple|Wurf-Lichtschwert
itm_force_throw_lightsaber_yellow|Wurf-Lichtschwert
itm_force_throw_lightsaber_red|Wurf-Lichtschwert
itm_force_throw_lightsaber_green_merch|Wurf-Lichtschwert
itm_force_throw_lightsaber_blue_merch|Wurf-Lichtschwert
itm_force_throw_lightsaber_orange_merch|Wurf-Lichtschwert
itm_force_throw_lightsaber_purple_merch|Wurf-Lichtschwert
itm_force_throw_lightsaber_yellow_merch|Wurf-Lichtschwert
itm_force_throw_lightsaber_red_merch|Wurf-Lichtschwert
itm_force_throw_lightsaber_green_pike|Wurf-Lichtschwert-Pike
itm_force_throw_lightsaber_blue_pike|Wurf-Lichtschwert-Pike
itm_force_throw_lightsaber_orange_pike|Wurf-Lichtschwert-Pike
itm_force_throw_lightsaber_purple_pike|Wurf-Lichtschwert-Pike
itm_force_throw_lightsaber_yellow_pike|Wurf-Lichtschwert-Pike
itm_force_throw_lightsaber_red_pike|Wurf-Lichtschwert-Pike
itm_force_throw_lightsaber_red_double|Doppelklingen Wurf-Lichtschwert
itm_twilek_dagger_throwing|Twi'lek-Wurfdolche
itm_discblade|Scheibenklinge
itm_thermal_detonator1|Thermal-Detonator
itm_thermal_detonator2|Thermal-Detonator
itm_thermal_detonator3|Thermal-Detonator
itm_energy_shield_red_small|Kleines Energie-Schild
itm_energy_shield_blue_small|Kleines Energie-Schild
itm_energy_shield_green_small|Kleines Energie-Schild
itm_energy_shield_yellow_small|Kleines Energie-Schild
itm_energy_shield_red_medium|Mittleres Energie-Schild
itm_energy_shield_blue_medium|Mittleres Energie-Schild
itm_energy_shield_green_medium|Mittleres Energie-Schild
itm_energy_shield_yellow_medium|Mittleres Energie-Schild
itm_energy_shield_red_large|Großes Energie-Schild
itm_energy_shield_blue_large|Großes Energie-Schild
itm_energy_shield_green_large|Großes Energie-Schild
itm_energy_shield_yellow_large|Großes Energie-Schild
itm_energy_shield_oval|Ovales Energie-Schild
itm_energy_shield_circle|Zirkular Energie-Schild
itm_durasteel_shield_small|Kleines Durastahl-Schild
itm_durasteel_shield_small_2|Kleines Durastahl-Schild
itm_durasteel_shield_large|Großes Durastahl-Schild
itm_wookiee_shield_small|Kleines Wookiee-Schild
itm_wookiee_shield_large|Großes Wookiee-Schild
itm_westar_shield|Westar-34-Schild
itm_ryyk_kerarthorr_shield|Ryyk-Kerarthorr-Schild
itm_ryyk_blade_shield|Ryyk-Klingen-Schild
itm_lightsaber_block_blue|Lichtschwert-Schild
itm_lightsaber_block_green|Lichtschwert-Schild
itm_lightsaber_block_orange|Lichtschwert-Schild
itm_lightsaber_block_purple|Lichtschwert-Schild
itm_lightsaber_block_red|Lichtschwert-Schild
itm_lightsaber_block_yellow|Lichtschwert-Schild
itm_force_block|Macht-Block
itm_force_shield|Macht-Schild
itm_force_protect|Macht-Schutz
# itm_hero_shield|Transparent Hero Shield
itm_practice_energy_shield|Übungs-Energie-Schild
itm_tutorial_energy_shield|Tutorial-Energie-Schild
itm_force_throw_lightsaber_t|Macht-Wurf-Lichtschwert
itm_force_throw_lightsaber_tl|Macht-Wurf-Lichtschwert
itm_force_lightning_ammo|Macht-Blitz
itm_force_push_ammo|Macht-Schlag
itm_laser_bolts_green_pistol|Plasma-Gas-Patronen
itm_laser_bolts_red_pistol|Plasma-Gas-Patronen
itm_laser_bolts_orange_pistol|Plasma-Gas-Patronen
itm_laser_bolts_yellow_pistol|Plasma-Gas-Patronen
itm_laser_bolts_blue_pistol|Plasma-Gas-Patronen
itm_stun_beam_pistol|Betäubungsstrahl-Patronen
itm_ion_beam_pistol|Ionenstrahl-Patronen
itm_sonic_beam_pistol|Schallstrahl-Patronen
itm_ammo_belt_pistol|Patronengürtel
# itm_disruptor_ammo|Disruptor Ammo for Pistols
itm_laser_bolts_green_rifle|Plasma-Gas-Patronen
itm_laser_bolts_red_rifle|Plasma-Gas-Patronen
itm_laser_bolts_orange_rifle|Plasma-Gas-Patronen
itm_laser_bolts_yellow_rifle|Plasma-Gas-Patronen
itm_laser_bolts_blue_rifle|Plasma-Gas-Patronen
itm_stun_beam_rifle|Betäubungsstrahl-Patronen
itm_ion_beam_rifle|Ionenstrahl-Patronen
itm_sonic_beam_rifle|Schallstrahl-Patronen
itm_ammo_belt_rifle|Patronengürtel
# itm_disruptor_ammo_rifle|Disruptor Ammo for Rifles
itm_laser_bolts_training_pistol|Laser-Bolzen
itm_laser_bolts_training_rifle|Laser-Bolzen
itm_force_power_ls_1|Helle-Seite-Eingeweihten-Machtkraft
itm_force_power_ls_2|Helle-Seite-Schüler-Machtkraft
itm_force_power_ls_3|Helle-Seite-Ritter-Machtkraft
itm_force_power_ls_4|Helle-Seite-Meister-Machtkraft
itm_force_power_ds_1|Dunkle-Seite-Eingeweihten-Machtkraft
itm_force_power_ds_2|Dunkle-Seite-Schüler-Machtkraft
itm_force_power_ds_3|Dunkle-Seite-Ritter-Machtkraft
itm_force_power_ds_4|Dunkle-Seite-Meister-Machtkraft
itm_force_jump|Machtsprung
# itm_a280|A-280
# itm_a280_crouch|A-280
itm_a280_stun|Betäubungs-A-280
# itm_a295|A-295
# itm_a295_crouch|A-295
itm_a295_stun|Betäubungs-A-295
itm_mandalorian_heavy_blaster|Mandalorianischer Schwerer-Blaster
itm_corellian_destroyer_blaster|Corellianischer Zerstörer-Blaster
# itm_dlt19|DLT-19
itm_dlt19_scope|DLT-19 mit Zielfernrohr
# itm_dlt20a|DLT-20A
# itm_e17d|E-17d
# itm_dc15a|DC-15A
# itm_dc15a_hip|DC-15A
# itm_dc15s|DC-15S
itm_trandoshan_acp_array_gun|Trandoshanisches ACP-Array-Geschütz
itm_trandoshan_stun_gun|Trandoshanisches Betäubungs-Geschütz
itm_quicksnap_36t|Schnellschuß 36T
itm_bothan_bola_carabine|Bothanischer Bola-Karabiner
# itm_ee3|EE-3
itm_ee3_stun|Betäubungs-EE-3
# itm_mg15|RT-97C
# itm_e5|E-5
# itm_e11|E-11
# itm_e11_hip|E-11
itm_e11_stun|Betäubungs-E-11
itm_wookiee_bowcaster|Bogen-Streubüchse
# itm_kashyyyk_long_gun|Kashyyyk Long Gun
itm_tusken_rifle|Tusken Kreis-Gewehr
itm_geonosian_sonic_rifle|Geonosianisches Schall-Gewehr
# itm_t21|T-21
itm_senate_rifle|Sicherheitswächter-Gewehr
itm_kisteer_1284|KiSteer 1284
itm_ion_blaster|Ionen-Blaster
# itm_heavy_repeater|Imperial Heavy Repeater
# itm_storm_rifle|StormTrooper Rifle
# itm_dh17|DH-17
itm_dh17_stun|Betäubungs-DH-17
# itm_se14r|SE-14R
# itm_dl44a|DL-44
itm_dl44a_stun|Betäubungs-DL-44
itm_dl44b|Modifizierte DL-44
# itm_q2|Q2
itm_q2_stun|Betäubungs-Q2
# itm_elg3a|ELG-3A
# itm_elg3a_stun|Stun ELG-3A
itm_scout_trooper_pistol|Spähtruppen-Pistole
itm_ddc_defender|DDC Verteidiger
itm_geonosian_sonic_pistol|Geonosianische Schall-Pistole
# itm_dl18|DL-18
# itm_westar|Westar-34
itm_westar_stun|Betäubungs-Westar-34
itm_ion_pistol|Ionen-Pistole
itm_trandoshan_supressor|Trandoshanischer Unterdrücker
# itm_wrist_blaster|Wrist Mounted Blaster
# itm_practice_dl44|DL-44
# itm_dl44a_training|DL-44
itm_dlt19_training|DLT-19
itm_heavy_weapons_ammo|Schwere Waffen-Munition
itm_rocket_launcher|RDP-12 Raketenwerfer
itm_flame_rifle|CR-24 Flammen-Gewehr
itm_concussion_rifle|W-90 Konkussions-Gewehr
itm_force_kill|Macht-Töten
itm_force_choke|Macht-Würgen
itm_force_knockdown|Macht-Niederschlagen
itm_force_stun|Macht-Betäuben
itm_speeder|Ziviles 74-Z Speeder-Bike
itm_speeder_rebel|Reb.-Militär 74-Z Speeder-Bike
itm_speeder_imperial|Imp.-Militär Z4-Z Speeder-Bike
itm_speeder_hutt|Hutt-Militär Z4-Z Speeder-Bike
itm_speeder_shadow|Schatten 74-Z Speeder-Bike
itm_speeder_fc20|FC-20 Speeder-Bike
# itm_horus_winged_cruiser|Horus Winged Cruiser
itm_speeder_dagger|Dolch-Speeder-Bike
itm_practice_speeder|Ziviles 74-Z Speeder-Bike
itm_arena_speeder|Ziviles 74-Z Speeder-Bike
